{
  "experiment_name": "exp4_transfer_frequency",
  "transfer_frequencies": [
    1,
    5,
    10,
    25,
    50,
    100
  ],
  "optimal_frequency": 1,
  "frequency_results": {
    "1": {
      "si_mean": 0.0018635049958699332,
      "si_std": 0.0005485951396525135,
      "diversity_mean": 0.0013177128616210679,
      "diversity_std": 0.00034433674943978225,
      "reward_mean": 24.432130436489512,
      "reward_std": 5.704867733036071,
      "entropy_mean": 2.395534614267531,
      "entropy_std": 0.0011401919923396367
    },
    "5": {
      "si_mean": 0.001794710799759375,
      "si_std": 0.0004913529324483887,
      "diversity_mean": 0.0012321637434716938,
      "diversity_std": 0.0002433263449121482,
      "reward_mean": 25.277204124451035,
      "reward_std": 6.307867490621057,
      "entropy_mean": 2.3955612319192046,
      "entropy_std": 0.001137651060878184
    },
    "10": {
      "si_mean": 0.00173786859170829,
      "si_std": 0.000597081864553077,
      "diversity_mean": 0.001128975023564727,
      "diversity_std": 0.0002657338748833749,
      "reward_mean": 25.343005744512876,
      "reward_std": 5.924833463461105,
      "entropy_mean": 2.395533231753929,
      "entropy_std": 0.00119640137174195
    },
    "25": {
      "si_mean": 0.001580073011661222,
      "si_std": 0.0004755354105827703,
      "diversity_mean": 0.0010989723775758783,
      "diversity_std": 0.00028065346784491413,
      "reward_mean": 24.463852437783622,
      "reward_std": 5.734380841392467,
      "entropy_mean": 2.3958636134621463,
      "entropy_std": 0.0010316194075585504
    },
    "50": {
      "si_mean": 0.0016114977406016715,
      "si_std": 0.00043523919715903636,
      "diversity_mean": 0.0011512631316828905,
      "diversity_std": 0.0002832938215065288,
      "reward_mean": 25.67687207656327,
      "reward_std": 5.909160698849265,
      "entropy_mean": 2.395872889379168,
      "entropy_std": 0.0008689501261806755
    },
    "100": {
      "si_mean": 0.001556791890626149,
      "si_std": 0.0004291988425748402,
      "diversity_mean": 0.0010841506567088948,
      "diversity_std": 0.0002673895101452542,
      "reward_mean": 24.758204236716427,
      "reward_std": 5.376456038152648,
      "entropy_mean": 2.3958962034149023,
      "entropy_std": 0.0008283996719401181
    }
  }
}