{
  "results": [
    {
      "domain": "crypto",
      "rare_regime": "volatile",
      "rare_regime_freq": 0.15,
      "niche_rare_perf": 0.8234005167976768,
      "niche_rare_std": 0.014940605791888939,
      "homo_rare_perf": 0.7411646147043994,
      "homo_rare_std": 0.007149690669061864,
      "iql_rare_perf": 0.7323694950818497,
      "iql_rare_std": 0.024976026249664326,
      "vdn_rare_perf": 0.7331909363558428,
      "vdn_rare_std": 0.0217147013021262,
      "qmix_rare_perf": 0.7357669779089318,
      "qmix_rare_std": 0.01951713674154891,
      "mappo_rare_perf": 0.7367514196910155,
      "mappo_rare_std": 0.016284300068359136,
      "rare_improvement_vs_homo": 11.095497607650321,
      "rare_improvement_vs_iql": 12.429657751604397,
      "rare_improvement_vs_vdn": 12.303695527143315,
      "rare_improvement_vs_qmix": 11.910501764811702,
      "rare_improvement_vs_mappo": 11.760967782457861,
      "common_improvement_pct": 29.93003739608981,
      "has_specialist_rate": 0.9,
      "specialist_si_mean": 0.6296208798975809,
      "p_value_vs_homo": 1.73928325133744e-157,
      "p_value_vs_iql": 1.1646418275070023e-63,
      "p_value_vs_vdn": 7.477268127199105e-76,
      "p_value_vs_qmix": 3.7034494608052027e-82,
      "p_value_vs_mappo": 5.886768664645164e-99
    },
    {
      "domain": "weather",
      "rare_regime": "extreme",
      "rare_regime_freq": 0.1,
      "niche_rare_perf": 0.9823430955879071,
      "niche_rare_std": 0.008202802174990724,
      "homo_rare_perf": 0.5411646147043995,
      "homo_rare_std": 0.0071496906690618305,
      "iql_rare_perf": 0.6696962441315208,
      "iql_rare_std": 0.11091198119451819,
      "vdn_rare_perf": 0.6560572489879585,
      "vdn_rare_std": 0.11576968442085508,
      "qmix_rare_perf": 0.6636775862188709,
      "qmix_rare_std": 0.12606382436100338,
      "mappo_rare_perf": 0.6539956927068294,
      "mappo_rare_std": 0.130514140647643,
      "rare_improvement_vs_homo": 81.52389659188873,
      "rare_improvement_vs_iql": 46.68487455261671,
      "rare_improvement_vs_vdn": 49.73435582081914,
      "rare_improvement_vs_qmix": 48.015107935850224,
      "rare_improvement_vs_mappo": 50.20635556819606,
      "common_improvement_pct": 6.436860362213634,
      "has_specialist_rate": 0.4,
      "specialist_si_mean": 0.265107388243999,
      "p_value_vs_homo": 0.0,
      "p_value_vs_iql": 8.99029348672774e-52,
      "p_value_vs_vdn": 8.872587372287864e-52,
      "p_value_vs_qmix": 4.9861863605565554e-42,
      "p_value_vs_mappo": 1.1706346658370581e-41
    },
    {
      "domain": "traffic",
      "rare_regime": "morning_rush",
      "rare_regime_freq": 0.09,
      "niche_rare_perf": 1.0735158796675777,
      "niche_rare_std": 0.012364883390156536,
      "homo_rare_perf": 0.9411646147043996,
      "homo_rare_std": 0.00714969066906185,
      "iql_rare_perf": 0.9245542988695736,
      "iql_rare_std": 0.03132799345955093,
      "vdn_rare_perf": 0.9246522875491281,
      "vdn_rare_std": 0.024639380280749062,
      "qmix_rare_perf": 0.933966512437977,
      "qmix_rare_std": 0.020768176926902627,
      "mappo_rare_perf": 0.9312734676828189,
      "mappo_rare_std": 0.0135075601408487,
      "rare_improvement_vs_homo": 14.062499045902493,
      "rare_improvement_vs_iql": 16.11171793588923,
      "rare_improvement_vs_vdn": 16.099413165680428,
      "rare_improvement_vs_qmix": 14.941581456205355,
      "rare_improvement_vs_mappo": 15.27396805781273,
      "common_improvement_pct": 3.7148654815854214,
      "has_specialist_rate": 1.0,
      "specialist_si_mean": 0.6401308202644466,
      "p_value_vs_homo": 0.0,
      "p_value_vs_iql": 2.1809013918571147e-125,
      "p_value_vs_vdn": 6.5629253047135256e-186,
      "p_value_vs_qmix": 3.126749357316682e-212,
      "p_value_vs_mappo": 0.0
    },
    {
      "domain": "air_quality",
      "rare_regime": "unhealthy_sensitive",
      "rare_regime_freq": 0.04,
      "niche_rare_perf": 1.0112859591710204,
      "niche_rare_std": 0.01583473488353046,
      "homo_rare_perf": 1.0411646147043998,
      "homo_rare_std": 0.0071496906690618235,
      "iql_rare_perf": 1.0105776973210219,
      "iql_rare_std": 0.015486912969273478,
      "vdn_rare_perf": 1.020619878777008,
      "vdn_rare_std": 0.01659930737161371,
      "qmix_rare_perf": 1.0250378541106488,
      "qmix_rare_std": 0.01585452735741006,
      "mappo_rare_perf": 1.028653817281032,
      "mappo_rare_std": 0.013374349005372986,
      "rare_improvement_vs_homo": -2.8697340565941505,
      "rare_improvement_vs_iql": 0.07008484868368474,
      "rare_improvement_vs_vdn": -0.914534372696356,
      "rare_improvement_vs_qmix": -1.3415987404250544,
      "rare_improvement_vs_mappo": -1.6884065191065791,
      "common_improvement_pct": 1.112512881407292,
      "has_specialist_rate": 0.13333333333333333,
      "specialist_si_mean": 0.051600730771551584,
      "p_value_vs_homo": 2.0246191089296664e-20,
      "p_value_vs_iql": 0.8632792662220448,
      "p_value_vs_vdn": 0.028446698800249498,
      "p_value_vs_qmix": 0.0009499482684000555,
      "p_value_vs_mappo": 6.409992526577065e-06
    },
    {
      "domain": "solar",
      "rare_regime": "low",
      "rare_regime_freq": 0.2,
      "niche_rare_perf": 0.9163561363807039,
      "niche_rare_std": 0.01570216130113577,
      "homo_rare_perf": 0.9411646147043996,
      "homo_rare_std": 0.00714969066906185,
      "iql_rare_perf": 0.9092846439658668,
      "iql_rare_std": 0.016509851529199666,
      "vdn_rare_perf": 0.9210245510346083,
      "vdn_rare_std": 0.015066409441827645,
      "qmix_rare_perf": 0.9273285275734627,
      "qmix_rare_std": 0.014267648545367202,
      "mappo_rare_perf": 0.929822304461966,
      "mappo_rare_std": 0.01265397167861062,
      "rare_improvement_vs_homo": -2.6359340264282602,
      "rare_improvement_vs_iql": 0.7776984315928379,
      "rare_improvement_vs_vdn": -0.5068719013690027,
      "rare_improvement_vs_qmix": -1.183225886673653,
      "rare_improvement_vs_mappo": -1.448251780651164,
      "common_improvement_pct": 9.49761633864367,
      "has_specialist_rate": 1.0,
      "specialist_si_mean": 0.8277505504108135,
      "p_value_vs_homo": 9.685341357141018e-15,
      "p_value_vs_iql": 0.09465004631224612,
      "p_value_vs_vdn": 0.2479799824758957,
      "p_value_vs_qmix": 0.005351803917333209,
      "p_value_vs_mappo": 0.000323184151284438
    },
    {
      "domain": "commodities",
      "rare_regime": "volatile",
      "rare_regime_freq": 0.15,
      "niche_rare_perf": 0.8183967633342084,
      "niche_rare_std": 0.01334647332076106,
      "homo_rare_perf": 0.6411646147043993,
      "homo_rare_std": 0.00714969066906186,
      "iql_rare_perf": 0.6976475014042806,
      "iql_rare_std": 0.03480267962162151,
      "vdn_rare_perf": 0.6814885065334007,
      "vdn_rare_std": 0.034382532395202614,
      "qmix_rare_perf": 0.6764074794930127,
      "qmix_rare_std": 0.0341558399980265,
      "mappo_rare_perf": 0.670391490471447,
      "mappo_rare_std": 0.03351457220917786,
      "rare_improvement_vs_homo": 27.642222381770033,
      "rare_improvement_vs_iql": 17.308061977843266,
      "rare_improvement_vs_vdn": 20.089591458736905,
      "rare_improvement_vs_qmix": 20.991678558554796,
      "rare_improvement_vs_mappo": 22.077439073499878,
      "common_improvement_pct": 22.010045096780317,
      "has_specialist_rate": 0.9666666666666667,
      "specialist_si_mean": 0.702696990824478,
      "p_value_vs_homo": 0.0,
      "p_value_vs_iql": 3.741602322527145e-68,
      "p_value_vs_vdn": 6.72595593042993e-89,
      "p_value_vs_qmix": 1.482350072845327e-96,
      "p_value_vs_mappo": 3.5936993576722e-108
    }
  ],
  "summary": {
    "avg_improvement_vs_homo": 21.46974125736486,
    "avg_improvement_vs_iql": 15.563682583038357,
    "avg_improvement_vs_vdn": 16.134274949719074,
    "avg_improvement_vs_qmix": 15.555674181387227,
    "avg_improvement_vs_mappo": 16.030345363701464,
    "avg_specialist_rate": 0.7333333333333333
  }
}