{
  "lambda_sweep": {
    "0.0": {
      "si_mean": 0.5884457474040254,
      "si_std": 0.08716906964214144,
      "diversity_mean": 0.6583333333333333,
      "reward_mean": 361.9120468410358,
      "reward_std": 47.35779765415231
    },
    "0.1": {
      "si_mean": 0.8418537556809486,
      "si_std": 0.02323471898729616,
      "diversity_mean": 1.0,
      "reward_mean": 327.63900806859243,
      "reward_std": 49.167645506979994
    },
    "0.25": {
      "si_mean": 0.8571178356762383,
      "si_std": 0.02606688706327093,
      "diversity_mean": 1.0,
      "reward_mean": 273.768982504122,
      "reward_std": 47.8034931617433
    },
    "0.5": {
      "si_mean": 0.8546445964942928,
      "si_std": 0.03560135195195246,
      "diversity_mean": 1.0,
      "reward_mean": 214.51658244974126,
      "reward_std": 44.221227605597576
    },
    "0.75": {
      "si_mean": 0.8491794204396155,
      "si_std": 0.04549416344411416,
      "diversity_mean": 1.0,
      "reward_mean": 169.19187091343255,
      "reward_std": 36.56045884786996
    },
    "1.0": {
      "si_mean": 0.8508517321521136,
      "si_std": 0.0402080746386719,
      "diversity_mean": 1.0,
      "reward_mean": 155.32678330318984,
      "reward_std": 40.52562484620655
    }
  }
}