{
  "diverse": {
    "mean": 215.53464670848993,
    "std": 44.04810652203207,
    "diff_vs_diverse": 0.0,
    "p_value": 1.0
  },
  "homogeneous_volscalp": {
    "mean": 200.6393082524148,
    "std": 23.340693692082613,
    "diff_vs_diverse": -14.895338456075137,
    "p_value": 0.005343683574043891
  },
  "homogeneous_momentum": {
    "mean": 130.50199823046282,
    "std": 20.118868257594258,
    "diff_vs_diverse": -85.03264847802711,
    "p_value": 4.559255661801122e-16
  },
  "oracle": {
    "mean": 117.76078240854113,
    "std": 35.029137190278206,
    "diff_vs_diverse": -97.7738642999488,
    "p_value": 1.8534236953434586e-20
  },
  "random": {
    "mean": 34.19082212562901,
    "std": 9.977637987141776,
    "diff_vs_diverse": -181.34382458286092,
    "p_value": 3.895919375831033e-20
  }
}