{
  "summary": {
    "timestamp": "2025-12-22T11:57:31.305087",
    "experiments_analyzed": 5,
    "hypotheses_tested": 3,
    "bonferroni_correction": {
      "n_tests": 3,
      "original_alpha": 0.05,
      "corrected_alpha": 0.016666666666666666,
      "p_values": [
        3.0839084157598537e-89,
        1.0,
        0.14748801754569885
      ],
      "significant": [
        true,
        false,
        false
      ],
      "n_significant": 1
    },
    "overall_findings": {
      "mono_regime_h1_passed": "True",
      "mono_regime_h2_passed": "False",
      "cost_h5_passed": "False",
      "robustness_passed": true
    }
  },
  "mono_regime": {
    "experiment": "Mono-Regime Validation",
    "hypotheses": {
      "H1": {
        "description": "Mono-regime SI < 0.15",
        "passed": "True",
        "observed_si": 0.09512276201394305,
        "threshold": 0.15,
        "p_value": 3.0839084157598537e-89,
        "effect": 0.05487723798605694
      },
      "H2": {
        "description": "SI increases with regime count",
        "passed": "False",
        "spearman_r": -0.9502781634493527,
        "p_value": 1.0
      }
    },
    "results_by_regime_count": {
      "1": {
        "n_regimes": 1,
        "n_trials": 100,
        "si_mean": 0.09512276201394305,
        "si_std": 0.007298501342032128,
        "si_ci_lower": 0.0935006931834486,
        "si_ci_upper": 0.09659461006609645,
        "reward_mean": 0.18822179883055856
      },
      "2": {
        "n_regimes": 2,
        "n_trials": 100,
        "si_mean": 0.05703966417478548,
        "si_std": 0.005632615203007519,
        "si_ci_lower": 0.055884339900252725,
        "si_ci_upper": 0.05810294195238143,
        "reward_mean": 0.12436426021418312
      },
      "3": {
        "n_regimes": 3,
        "n_trials": 100,
        "si_mean": 0.04302880142764867,
        "si_std": 0.004121290567037272,
        "si_ci_lower": 0.04222986950939907,
        "si_ci_upper": 0.04386424382752779,
        "reward_mean": 0.18760595441853206
      },
      "4": {
        "n_regimes": 4,
        "n_trials": 100,
        "si_mean": 0.034860680242637096,
        "si_std": 0.0035388604386496977,
        "si_ci_lower": 0.0341665318537979,
        "si_ci_upper": 0.035511397539079045,
        "reward_mean": 0.13630080024128258
      }
    }
  },
  "cost_transition": {
    "experiment": "Transaction Cost Phase Transition",
    "hypothesis": {
      "description": "Transaction costs reduce SI",
      "passed": "False",
      "slope": -8.098983691425671e-05,
      "r_squared": 0.12078873673491396,
      "p_value": 0.14748801754569885
    },
    "results": [
      {
        "cost_percent": 0.0,
        "si_mean": 0.0344681849797183,
        "si_std": 0.0030430348925990004,
        "si_ci": [
          0.03344094303196713,
          0.03560308395114244
        ],
        "switching_freq_mean": 0.6515333333333332,
        "diverse_mean": 0.12481540314636437,
        "n_trials": 30
      },
      {
        "cost_percent": 0.1,
        "si_mean": 0.03454270477174037,
        "si_std": 0.0030995976644016057,
        "si_ci": [
          0.033388232525016825,
          0.03562366204799531
        ],
        "switching_freq_mean": 0.6514166666666665,
        "diverse_mean": 0.12235504914383917,
        "n_trials": 30
      },
      {
        "cost_percent": 0.2,
        "si_mean": 0.03442097320813813,
        "si_std": 0.0030342390904811952,
        "si_ci": [
          0.03337642965075974,
          0.035581983683269536
        ],
        "switching_freq_mean": 0.6509166666666666,
        "diverse_mean": 0.12558632534169187,
        "n_trials": 30
      },
      {
        "cost_percent": 0.30000000000000004,
        "si_mean": 0.03446609369821875,
        "si_std": 0.003042196101492966,
        "si_ci": [
          0.03338750120132244,
          0.035540461862953114
        ],
        "switching_freq_mean": 0.6511666666666666,
        "diverse_mean": 0.12308137141897538,
        "n_trials": 30
      },
      {
        "cost_percent": 0.4,
        "si_mean": 0.03453919604807287,
        "si_std": 0.003095790830606212,
        "si_ci": [
          0.033419979566519174,
          0.035648995137316605
        ],
        "switching_freq_mean": 0.6512833333333332,
        "diverse_mean": 0.11914969336659939,
        "n_trials": 30
      },
      {
        "cost_percent": 0.5,
        "si_mean": 0.034423824352459456,
        "si_std": 0.0030341666279648477,
        "si_ci": [
          0.03335213644425173,
          0.03557012123648321
        ],
        "switching_freq_mean": 0.6503666666666665,
        "diverse_mean": 0.12290858867156342,
        "n_trials": 30
      },
      {
        "cost_percent": 0.6000000000000001,
        "si_mean": 0.03440625567752035,
        "si_std": 0.003035848349402997,
        "si_ci": [
          0.033305878600372464,
          0.03557079593892237
        ],
        "switching_freq_mean": 0.6516,
        "diverse_mean": 0.12001895708868024,
        "n_trials": 30
      },
      {
        "cost_percent": 0.7000000000000001,
        "si_mean": 0.034505565055345196,
        "si_std": 0.0030649769286608597,
        "si_ci": [
          0.03344093402965117,
          0.03572859934905359
        ],
        "switching_freq_mean": 0.6511833333333332,
        "diverse_mean": 0.11563277269350387,
        "n_trials": 30
      },
      {
        "cost_percent": 0.8,
        "si_mean": 0.03426085283370705,
        "si_std": 0.0031603890549777875,
        "si_ci": [
          0.033174574610295375,
          0.03534720520910037
        ],
        "switching_freq_mean": 0.6507666666666665,
        "diverse_mean": 0.11544290290704147,
        "n_trials": 30
      },
      {
        "cost_percent": 0.9,
        "si_mean": 0.034464146049574165,
        "si_std": 0.0030414522150314476,
        "si_ci": [
          0.03334270731151289,
          0.03551268172534629
        ],
        "switching_freq_mean": 0.6504833333333333,
        "diverse_mean": 0.11479901535318032,
        "n_trials": 30
      },
      {
        "cost_percent": 1.0,
        "si_mean": 0.03445972607215848,
        "si_std": 0.003039897620630922,
        "si_ci": [
          0.033295918820195475,
          0.035561444140484545
        ],
        "switching_freq_mean": 0.6515666666666665,
        "diverse_mean": 0.11620265202076598,
        "n_trials": 30
      }
    ]
  },
  "robustness": {
    "experiment": "Robustness Analysis",
    "summary": {
      "robust_dimensions": 3,
      "total_dimensions": 3,
      "overall_robust": true
    },
    "classifier_sensitivity": {
      "condition": "classifier",
      "n_conditions": 4,
      "positive_count": 4,
      "robust": true,
      "results": [
        {
          "condition_type": "classifier",
          "condition_value": "ma",
          "si_mean": 0.03385431621759196,
          "si_ci": [
            0.032111605802350215,
            0.03553804012612471
          ],
          "advantage_mean": 7.526881720430109,
          "advantage_ci": [
            7.526881720430109,
            7.526881720430109
          ],
          "direction": "positive",
          "n_trials": 10
        },
        {
          "condition_type": "classifier",
          "condition_value": "volatility",
          "si_mean": 0.03963195364564458,
          "si_ci": [
            0.037238188037079775,
            0.04231435291997836
          ],
          "advantage_mean": 7.526881720430109,
          "advantage_ci": [
            7.526881720430109,
            7.526881720430109
          ],
          "direction": "positive",
          "n_trials": 10
        },
        {
          "condition_type": "classifier",
          "condition_value": "returns",
          "si_mean": 0.03292946490214877,
          "si_ci": [
            0.030877070556811367,
            0.03480869709671148
          ],
          "advantage_mean": 7.526881720430109,