{
  "crypto": {
    "domain": "crypto",
    "n_trials": 30,
    "n_regimes": 4,
    "n_methods": 5,
    "summary": {
      "NichePopulation": {
        "mean_si": 0.7581045002197252,
        "std_si": 0.05042659481686859,
        "min_si": 0.6521057545069012,
        "max_si": 0.8496015148574686
      },
      "QMIX": {
        "mean_si": 0.17534684013612242,
        "std_si": 0.020624375354055157,
        "min_si": 0.12108043401742269,
        "max_si": 0.21651479361006876
      },
      "MAPPO": {
        "mean_si": 0.15929668504881225,
        "std_si": 0.01895684792730918,
        "min_si": 0.10425294244019667,
        "max_si": 0.19921484112477938
      },
      "IQL": {
        "mean_si": 0.17534684013612242,
        "std_si": 0.020624375354055157,
        "min_si": 0.12108043401742269,
        "max_si": 0.21651479361006876
      }
    }
  },
  "commodities": {
    "domain": "commodities",
    "n_trials": 30,
    "n_regimes": 4,
    "n_methods": 5,
    "summary": {
      "NichePopulation": {
        "mean_si": 0.7631299357549283,
        "std_si": 0.06527479321031861,
        "min_si": 0.5538103151455657,
        "max_si": 0.8750586775928879
      },
      "QMIX": {
        "mean_si": 0.023937705008317815,
        "std_si": 0.004132358953902237,
        "min_si": 0.01655055293903568,
        "max_si": 0.0343581679586929
      },
      "MAPPO": {
        "mean_si": 0.00750667101030329,
        "std_si": 0.0034640111654357137,
        "min_si": 0.0012412232127316791,
        "max_si": 0.01764582391144931
      },
      "IQL": {
        "mean_si": 0.023937705008317815,
        "std_si": 0.004132358953902237,
        "min_si": 0.01655055293903568,
        "max_si": 0.0343581679586929
      }
    }
  },
  "weather": {
    "domain": "weather",
    "n_trials": 30,
    "n_regimes": 5,
    "n_methods": 5,
    "summary": {
      "NichePopulation": {
        "mean_si": 0.7162219679813501,
        "std_si": 0.05669522980334988,
        "min_si": 0.5680124097921713,
        "max_si": 0.8127509006530754
      },
      "QMIX": {
        "mean_si": 0.3316834867579414,
        "std_si": 0.015989933639854757,
        "min_si": 0.29932696827354277,
        "max_si": 0.3611913436718036
      },
      "MAPPO": {
        "mean_si": 0.31389668544098653,
        "std_si": 0.016533748754868356,
        "min_si": 0.2814353750822509,
        "max_si": 0.34372930701991733
      },
      "IQL": {
        "mean_si": 0.3316834867579414,
        "std_si": 0.015989933639854757,
        "min_si": 0.29932696827354277,
        "max_si": 0.3611913436718036
      }
    }
  },
  "solar": {
    "domain": "solar",
    "n_trials": 30,
    "n_regimes": 4,
    "n_methods": 5,
    "summary": {
      "NichePopulation": {
        "mean_si": 0.7875133421795726,
        "std_si": 0.05649600969105939,
        "min_si": 0.6519345779253056,
        "max_si": 0.8819226442942362
      },
      "QMIX": {
        "mean_si": 0.13790767343500265,
        "std_si": 0.015999747423308085,
        "min_si": 0.10889093201669107,
        "max_si": 0.17494146469478217
      },
      "MAPPO": {
        "mean_si": 0.11993524840538453,
        "std_si": 0.01471518336345235,
        "min_si": 0.09253183898944084,
        "max_si": 0.1537076499028005
      },
      "IQL": {
        "mean_si": 0.13790767343500265,
        "std_si": 0.015999747423308085,
        "min_si": 0.10889093201669107,
        "max_si": 0.17494146469478217
      }
    }
  }
}