{
  "crypto": {
    "domain": "crypto",
    "n_regimes": 4,
    "n_methods": 5,
    "results": {
      "niche_population": {
        "mean_si": 0.2996798658047439,
        "std_si": 0.03820477346701858,
        "ci_95": [
          0.2365097090216407,
          0.3622007253541129
        ]
      },
      "iql": {
        "mean_si": 0.09688052988329734,
        "std_si": 0.022785896187388868,
        "ci_95": [
          0.06323140420889656,
          0.1488129621494047
        ]
      },
      "random": {
        "mean_si": 0.22622915882988934,
        "std_si": 0.0517547792941162,
        "ci_95": [
          0.13528028386779628,
          0.3201548939410944
        ]
      },
      "homogeneous": {
        "mean_si": 3.164043471670652e-10,
        "std_si": 0.0,
        "ci_95": [
          3.164043471670652e-10,
          3.164043471670652e-10
        ]
      }
    }
  },
  "commodities": {
    "domain": "commodities",
    "n_regimes": 4,
    "n_methods": 5,
    "results": {
      "niche_population": {
        "mean_si": 0.4034938346302296,
        "std_si": 0.05285816603643136,
        "ci_95": [
          0.3164742012605056,
          0.5082913861571469
        ]
      },
      "iql": {
        "mean_si": 0.08782551475588282,
        "std_si": 0.021070767405170613,
        "ci_95": [
          0.05375550175656991,
          0.13057429609837948
        ]
      },
      "random": {
        "mean_si": 0.22622915882988934,
        "std_si": 0.0517547792941162,
        "ci_95": [
          0.13528028386779628,
          0.3201548939410944
        ]
      },
      "homogeneous": {
        "mean_si": 3.164043471670652e-10,
        "std_si": 0.0,
        "ci_95": [
          3.164043471670652e-10,
          3.164043471670652e-10
        ]
      }
    }
  },
  "weather": {
    "domain": "weather",
    "n_regimes": 5,
    "n_methods": 5,
    "results": {
      "niche_population": {
        "mean_si": 0.20092999145518275,
        "std_si": 0.021129017992852703,
        "ci_95": [
          0.1683918191911699,
          0.24316081321087374
        ]
      },
      "iql": {
        "mean_si": 0.10151665398488052,
        "std_si": 0.023490789115543167,
        "ci_95": [
          0.06817040116675166,
          0.1490970322848166
        ]
      },
      "random": {
        "mean_si": 0.20094420745924907,
        "std_si": 0.04552402061329569,
        "ci_95": [
          0.1227728933512324,
          0.2815848256849702
        ]
      },
      "homogeneous": {
        "mean_si": 3.485337574105074e-10,
        "std_si": 0.0,
        "ci_95": [
          3.485337574105074e-10,
          3.485337574105074e-10
        ]
      }
    }
  },
  "solar": {
    "domain": "solar",
    "n_regimes": 4,
    "n_methods": 5,
    "results": {
      "niche_population": {
        "mean_si": 0.44974069460938093,
        "std_si": 0.03684526872270196,
        "ci_95": [
          0.3978873554475403,
          0.525667102808706
        ]
      },
      "iql": {
        "mean_si": 0.11284120121313224,
        "std_si": 0.026425820027898818,
        "ci_95": [
          0.07253251816376176,
          0.16660715899594025
        ]
      },
      "random": {
        "mean_si": 0.22622915882988934,
        "std_si": 0.0517547792941162,
        "ci_95": [
          0.13528028386779628,
          0.3201548939410944
        ]
      },
      "homogeneous": {
        "mean_si": 3.164043471670652e-10,
        "std_si": 0.0,
        "ci_95": [
          3.164043471670652e-10,
          3.164043471670652e-10
        ]
      }
    }
  }
}