{
  "experiment_name": "exp1_emergence",
  "n_trials": 100,
  "initial_si_mean": 0.0,
  "initial_si_std": 0.0,
  "final_si_mean": 0.0017922517578527822,
  "final_si_std": 0.00045535099619598506,
  "t_statistic": 39.16249218939334,
  "p_value": 4.585607324095363e-62,
  "effect_size": 3.916249218939334,
  "significant": true,
  "final_si_ci_lower": 0.0017026113295904501,
  "final_si_ci_upper": 0.0018812293104324544,
  "avg_si_trajectory": [
    0.0,
    0.008730247055754935,
    0.004581463171422938,
    0.002599680930810055,
    0.0021004338423655485,
    0.0017922517578527822
  ],
  "checkpoint_iterations": [
    0,
    50,
    100,
    200,
    300,
    400
  ]
}