{
  "experiment_name": "exp3_population_v2",
  "population_sizes": [
    2,
    4,
    6,
    8,
    12,
    16
  ],
  "n_trials": 30,
  "size_results": {
    "2": {
      "si_mean": 0.6840144272089546,
      "si_std": 0.12585923922715614,
      "diversity_mean": 0.5,
      "reward_mean": 158.17450556878697,
      "reward_std": 23.117808229399657
    },
    "4": {
      "si_mean": 0.8767542698837988,
      "si_std": 0.004912722528380597,
      "diversity_mean": 1.0,
      "reward_mean": 155.49402067309438,
      "reward_std": 38.30251546334054
    },
    "6": {
      "si_mean": 0.8694517607169137,
      "si_std": 0.017744929305672806,
      "diversity_mean": 1.0,
      "reward_mean": 195.4940950124246,
      "reward_std": 43.07470760032521
    },
    "8": {
      "si_mean": 0.8546675879293787,
      "si_std": 0.03561449494470668,
      "diversity_mean": 1.0,
      "reward_mean": 215.68086446528108,
      "reward_std": 44.07922256828558
    },
    "12": {
      "si_mean": 0.8285284593625843,
      "si_std": 0.07367581038534952,
      "diversity_mean": 1.0,
      "reward_mean": 222.90690068231277,
      "reward_std": 42.60945548460051
    },
    "16": {
      "si_mean": 0.8133795718159201,
      "si_std": 0.0943993408790969,
      "diversity_mean": 1.0,
      "reward_mean": 229.65854725470408,
      "reward_std": 43.76438518858352
    }
  }
}