{
  "overall": {
    "n_samples": 120,
    "pearson_r": 0.5253540418506728,
    "pearson_p": 7.249059614727857e-10,
    "spearman_r": 0.5170414099225383,
    "spearman_p": 1.4848071425441555e-09,
    "regression": {
      "slope": 52.92236665862701,
      "intercept": -14.213200404750578,
      "r_squared": 0.2759968692888387,
      "p_value": 7.249059614727676e-10,
      "std_err": 7.890715731441253
    },
    "si_stats": {
      "mean": 0.33374049263833505,
      "std": 0.11310838554844387,
      "min": 0.1,
      "max": 0.6413979230027136
    },
    "improvement_stats": {
      "mean": 3.4491363154861983,
      "std": 11.394151325215368,
      "min": -22.27398789839386,
      "max": 45.9027064168168
    }
  },
  "by_domain": {
    "crypto": {
      "n_samples": 30,
      "pearson_r": 0.4105687305824306,
      "pearson_p": 0.024219127444824462,
      "spearman_r": 0.3352614015572859,
      "spearman_p": 0.07012562939830116,
      "regression": {
        "slope": 51.235451243354426,
        "intercept": -14.008582011057891,
        "r_squared": 0.16856668253206858,
        "p_value": 0.024219127444824438,
        "std_err": 21.504006952596406
      },
      "si_stats": {
        "mean": 0.3098721338012704,
        "std": 0.06449180698943643,
        "min": 0.14391718490769306,
        "max": 0.4713318080696369
      },
      "improvement_stats": {
        "mean": 1.867856591991297,
        "std": 8.048023598669287,
        "min": -16.20427952139239,
        "max": 15.789071709399916
      }
    },
    "commodities": {
      "n_samples": 30,
      "pearson_r": 0.5911080923652698,
      "pearson_p": 0.0005824778196291049,
      "spearman_r": 0.5795328142380423,
      "spearman_p": 0.0007904771319591467,
      "regression": {
        "slope": 63.63054322420541,
        "intercept": -19.355777214095525,
        "r_squared": 0.3494087768597084,
        "p_value": 0.0005824778196291044,
        "std_err": 16.408686225789104
      },
      "si_stats": {
        "mean": 0.394949703396729,
        "std": 0.06490135370174695,
        "min": 0.2750132452833576,
        "max": 0.5381423113056732
      },
      "improvement_stats": {
        "mean": 5.7750869592771465,
        "std": 6.986384462279597,
        "min": -10.32623751521682,
        "max": 17.19168420077082
      }
    },
    "weather": {
      "n_samples": 30,
      "pearson_r": 0.3491791566638267,
      "pearson_p": 0.05858598704052789,
      "spearman_r": 0.32605810862682333,
      "spearman_p": 0.07867539210743907,
      "regression": {
        "slope": 67.9198773493153,
        "intercept": -15.926383199425628,
        "r_squared": 0.12192608344846123,
        "p_value": 0.05858598704052785,
        "std_err": 34.44570705768263
      },
      "si_stats": {
        "mean": 0.20269898673864217,
        "std": 0.07734097500423275,
        "min": 0.1,
        "max": 0.37027757859481314
      },
      "improvement_stats": {
        "mean": -2.1590928813065626,
        "std": 15.043823309938517,
        "min": -22.27398789839386,
        "max": 45.9027064168168
      }
    },
    "solar": {
      "n_samples": 30,
      "pearson_r": 0.5153933159031814,
      "pearson_p": 0.003559693457078058,
      "spearman_r": 0.44338153503893213,
      "spearman_p": 0.014125670428600405,
      "regression": {
        "slope": 68.6878282831731,
        "intercept": -21.047309487987498,
        "r_squared": 0.26563027007767664,
        "p_value": 0.0035596934570780495,
        "std_err": 21.583375747957113
      },
      "si_stats": {
        "mean": 0.4274411466166986,
        "std": 0.08095101833912732,
        "min": 0.2682168776209076,
        "max": 0.6413979230027136
      },
      "improvement_stats": {
        "mean": 8.31269459198291,
        "std": 10.788555992973928,
        "min": -7.286467469173467,
        "max": 34.42436303292524
      }
    }
  },
  "interpretation": {
    "hypothesis": "Higher SI leads to better performance improvement",
    "overall_correlation": 0.5253540418506728,
    "overall_p_value": 7.249059614727857e-10,
    "significant": true,
    "weather_boundary": {
      "si": 0.20269898673864217,
      "improvement": -2.1590928813065626,
      "explanation": "Low k_eff leads to low SI per Proposition 3"
    }
  }
}