{
  "pearson": {
    "r": 0.2762080891105646,
    "p_value": 0.008409101992414516,
    "significant_005": true
  },
  "spearman": {
    "r": 0.06641376642898736,
    "p_value": 0.5339837443681246,
    "significant_005": false,
    "ci_lower": -0.14242448094843363,
    "ci_upper": 0.28063431872201244
  },
  "n_points": 90
}